group_type,group,n,mean_dice,mean_iou
tumor,glioma,254,0.6482163914210874,0.5446139750000427
tumor,meningioma,306,0.899795877766315,0.8374458783332603
tumor,pituitary,300,0.8046854040158992,0.7113405347064837
view,axial,346,0.7907497425550928,0.7059368702791028
view,coronal,257,0.7954989008786273,0.7059971828810502
view,sagittal,257,0.7912353882192568,0.7093272985016894
size_group,large_>5%,60,0.8190039434780677,0.7491878715033332
size_group,medium_1-5%,454,0.814214744911043,0.7334139509445102
size_group,small_<1%,346,0.7589491110517941,0.6649460774940058
