eval_split,mean_dice,mean_iou,n_samples
test,0.7930014903346697,0.7078172247166987,860
