group_type,group,n,mean_dice,mean_iou
tumor,glioma,231,0.5703028960181803,0.47825440209918535
tumor,meningioma,259,0.9080714287044601,0.8527288214180142
tumor,pituitary,296,0.8308001516746346,0.739118971714414
view,axial,251,0.7822584727105336,0.7008309044004857
view,coronal,271,0.7546766354370745,0.6694199662912445
view,sagittal,264,0.8029661706687709,0.730270376478011
size_group,large_>5%,22,0.6543639966124281,0.5735830576673947
size_group,medium_1-5%,458,0.799680059642518,0.7215424243609341
size_group,small_<1%,306,0.7588164662372548,0.6765604236393907
