experiment,model,n_samples,test_dice,test_iou
A1,U-Net,860,0.7930014903346697,0.7078172247166987
A2,Attention U-Net,860,0.7937368579484798,0.7086824391175199
A3,U-Net + Boundary Loss,860,0.8074886150382183,0.7270792071466092
A4,Attention U-Net + Boundary Loss,860,0.7922619644690443,0.7092524137761858
