experiment,model,n_samples,val_dice,val_iou
A1,U-Net,786,0.7937731450856335,0.7082063307364782
A2,Attention U-Net,786,0.785124279633917,0.7010702572085641
A3,U-Net + Boundary Loss,786,0.8042685774841694,0.7227748840144186
A4,Attention U-Net + Boundary Loss,786,0.7934143308437231,0.7109650963484638
