group_type,group,n,mean_dice,mean_iou
tumor,glioma,231,0.600737465858697,0.4958263377412079
tumor,meningioma,259,0.9071171198353111,0.8510919171939253
tumor,pituitary,296,0.840672103798778,0.7523730662216215
view,axial,251,0.7814428487280579,0.6981736674600577
view,coronal,271,0.7678188881092207,0.6802436113815734
view,sagittal,264,0.827013476010612,0.7503163218036545
size_group,large_>5%,22,0.6664269376922686,0.5842583426735566
size_group,medium_1-5%,458,0.8105306801443936,0.7283954199081026
size_group,small_<1%,306,0.7734254484960156,0.690236380118681
