group_type,group,n,mean_dice,mean_iou
tumor,glioma,231,0.6274141582496007,0.5231723700316335
tumor,meningioma,259,0.9014287278638113,0.847719382360867
tumor,pituitary,296,0.8246085909995693,0.7358782438329763
view,axial,251,0.7779314731381781,0.6958096389199135
view,coronal,271,0.7912804494155874,0.7004310131458924
view,sagittal,264,0.8060191381020851,0.733966188454158
size_group,large_>5%,22,0.7117044328796592,0.6194532514888454
size_group,medium_1-5%,458,0.8326279316245044,0.7546672798092414
size_group,small_<1%,306,0.7368815810486337,0.6502173594704108
