eval_split,mean_dice,mean_iou,n_samples
val,0.7930282297158482,0.711475396999205,786
