group_type,group,n,mean_dice,mean_iou
tumor,glioma,254,0.6343498000360174,0.5373776429628175
tumor,meningioma,306,0.9081134253710733,0.8500492990573545
tumor,pituitary,300,0.8252693905801162,0.7314327246070489
view,axial,346,0.7944556125938155,0.7163770182753159
view,coronal,257,0.8010022289699888,0.7154703359395421
view,sagittal,257,0.8009694931672545,0.717107002126456
size_group,large_>5%,60,0.8356234375697871,0.7743648184696212
size_group,medium_1-5%,454,0.8298634498341072,0.7535947403314525
size_group,small_<1%,346,0.7505576938377451,0.6573552687501852
