eval_split,mean_dice,mean_iou,n_samples
test,0.7990626803150883,0.71720650350606,860
