group_type,group,n,mean_dice,mean_iou
tumor,glioma,231,0.6223363588231134,0.5188546259981913
tumor,meningioma,259,0.8986657790036239,0.8461680939617269
tumor,pituitary,296,0.8432366049110185,0.7518487561636781
view,axial,251,0.781164658636043,0.6992751109556979
view,coronal,271,0.7986102101034186,0.7088303849577307
view,sagittal,264,0.8091533123032805,0.7346556802753522
size_group,large_>5%,22,0.6719874830738061,0.6000714612226606
size_group,medium_1-5%,458,0.8342018837351957,0.7558639410906324
size_group,small_<1%,306,0.7492287036777646,0.6606958483650655
