eval_split,mean_dice,mean_iou,n_samples
val,0.797596344141045,0.7156597448117805,786
