group_type,group,n,mean_dice,mean_iou
tumor,glioma,254,0.6600798534058012,0.5642959863758733
tumor,meningioma,306,0.9137890483584422,0.8580907960693185
tumor,pituitary,300,0.8362797769617191,0.7452411222108851
view,axial,346,0.8101840097223176,0.7325541460017365
view,coronal,257,0.8156678099390552,0.7317884190916389
view,sagittal,257,0.8101687553813752,0.7313071695595202
size_group,large_>5%,60,0.8459949764112632,0.7793198099980752
size_group,medium_1-5%,454,0.841751358342113,0.7702424272393814
size_group,small_<1%,346,0.7666151716164088,0.6734972550097836
