group_type,group,n,mean_dice,mean_iou
tumor,glioma,254,0.6090240815114448,0.5097645617351374
tumor,meningioma,306,0.8993729692377453,0.8345262872346244
tumor,pituitary,300,0.8296625917746517,0.7390117005414161
view,axial,346,0.7940485036443876,0.7123324699194327
view,coronal,257,0.7832327358939194,0.6949645575545387
view,sagittal,257,0.7889783168768763,0.7061316219972945
size_group,large_>5%,60,0.7903942550235338,0.7149171328185346
size_group,medium_1-5%,454,0.801311468997921,0.723348770900449
size_group,small_<1%,346,0.7733524872733653,0.6799230716156904
