eval_split,mean_dice,mean_iou,n_samples
test,0.7900479460755984,0.706220835171364,860
