group_type,group,n,mean_dice,mean_iou
tumor,glioma,254,0.6616317344263953,0.565606467162477
tumor,meningioma,306,0.9132689265896358,0.8575436232389254
tumor,pituitary,300,0.8348097897032801,0.7431229504095915
view,axial,346,0.8091004930177559,0.7308199355431929
view,coronal,257,0.8161991081444777,0.7322563036081847
view,sagittal,257,0.810294737799388,0.7313451703035391
size_group,large_>5%,60,0.8486891619861126,0.7819225046783685
size_group,medium_1-5%,454,0.8426156725610358,0.7712219731635018
size_group,small_<1%,346,0.7644185662712137,0.6704021687755082
