eval_split,mean_dice,mean_iou,n_samples
test,0.8119697275537031,0.7318699442678027,860
