group_type,group,n,mean_dice,mean_iou
tumor,glioma,254,0.6267572152636395,0.5249219688255963
tumor,meningioma,306,0.878772848186534,0.8114655881042907
tumor,pituitary,300,0.792955517833401,0.7044709347197481
view,axial,346,0.7645426254229416,0.6791121972848418
view,coronal,257,0.7782947621687811,0.6920866023672055
view,sagittal,257,0.7837897949352125,0.7009371727183334
size_group,large_>5%,60,0.8140639814861949,0.7354968518642918
size_group,medium_1-5%,454,0.7943536033588103,0.7119533576734748
size_group,small_<1%,346,0.7413500137514235,0.6520904478668316
