group_type,group,n_samples,test_dice,test_iou,test_precision,test_recall
tumor,glioma,254,0.6381709387825336,0.5411798293884392,0.7194109776669014,0.6689179238618874
tumor,meningioma,306,0.9086154358619272,0.8510894259315686,0.9299860971209764,0.906636421683364
tumor,pituitary,300,0.822198037740579,0.7275066674868174,0.8030510931076417,0.8913885686333992
view,axial,346,0.7940091779924798,0.7155630967801403,0.8169857689667752,0.8325583871797412
view,coronal,257,0.8018268788566821,0.7167571838981418,0.8414987778775807,0.8149649090731752
view,sagittal,257,0.8015349015374384,0.7173292354008476,0.8143159533138591,0.8452968275877515
size_group,large_>5%,60,0.8404087568633258,0.780686855999132,0.9350963595323265,0.8019445319349567
size_group,medium_1-5%,454,0.8328701982173147,0.7567347964699651,0.8788039768704233,0.8231994795229739
size_group,small_<1%,346,0.7463686640006549,0.6524457580591235,0.731614667362984,0.8465411348743382
