group_type,group,n_samples,val_dice,val_iou,val_precision,val_recall
tumor,glioma,231,0.6292694679691786,0.5272089327359527,0.67537425608373,0.6675732974762232
tumor,meningioma,259,0.9165756001368872,0.8638325180654952,0.9302266384305701,0.9185748224998904
tumor,pituitary,296,0.8449768462607379,0.7553664984178836,0.8723165219109574,0.8539536076957152
view,axial,251,0.7897643757424766,0.7092998668570999,0.8216148618051478,0.8065898050551418
view,coronal,271,0.7978369803415952,0.7107931152423208,0.8326216123623907,0.8113831599680964
view,sagittal,264,0.8273590683544642,0.7516938195487154,0.8457577868606163,0.8429988681902127
size_group,large_>5%,22,0.7196572287564108,0.6450703653385551,0.885710322125885,0.6556305554535831
size_group,medium_1-5%,458,0.8337556511975015,0.755475006963927,0.8754202507284292,0.8257607616568836
size_group,small_<1%,306,0.7685455122497247,0.6827034900187421,0.7670514414186688,0.8244061358286907
