group_type,group,n,mean_dice,mean_iou
tumor,glioma,254,0.6362124158316979,0.5376083968997388
tumor,meningioma,306,0.9087513951042763,0.8504706067970338
tumor,pituitary,300,0.8036089237627089,0.7081651889380515
view,axial,346,0.7959387817645874,0.7134751427891464
view,coronal,257,0.7986555353616648,0.7147810816762697
view,sagittal,257,0.7786352784960209,0.6952722092529006
size_group,large_>5%,60,0.8038693721726242,0.732099429736257
size_group,medium_1-5%,454,0.8218498272460112,0.7484024092735413
size_group,small_<1%,346,0.7497299819419826,0.6518654207499371
