eval_split,mean_dice,mean_iou,n_samples
test,0.7922619644690443,0.7092524137761858,860
