group_type,group,n,mean_dice,mean_iou
tumor,glioma,226,0.6345387991321427,0.5296436394558014
tumor,meningioma,257,0.8946726357081853,0.8325444645573989
tumor,pituitary,303,0.8245754754016485,0.7332206071037255
view,axial,245,0.7670885638517781,0.6807776514415627
view,coronal,267,0.8119973620908443,0.7228959667617814
view,sagittal,274,0.7972372671738189,0.715421482233989
size_group,large_>5%,20,0.79185149371624,0.7039456740021706
size_group,medium_1-5%,472,0.8095278261885882,0.7294214766884395
size_group,small_<1%,294,0.7661525210620034,0.6716441611690633
