eval_split,mean_dice,mean_iou,n_samples
val,0.7937731450856335,0.7082063307364782,786
