group_type,group,n,mean_dice,mean_iou
tumor,glioma,254,0.6618821483863282,0.5618727994095284
tumor,meningioma,306,0.9099419521557311,0.8551877607426964
tumor,pituitary,300,0.8244674674602573,0.734042577216809
view,axial,346,0.8015558699275838,0.7251690023452917
view,coronal,257,0.8041014916289303,0.7192856411801537
view,sagittal,257,0.81676314764311,0.734828927655866
size_group,large_>5%,60,0.8423466534664233,0.7809195122371118
size_group,medium_1-5%,454,0.8422704214170795,0.7667214539669363
size_group,small_<1%,346,0.7542455860014994,0.6637838386332724
