eval_split,mean_dice,mean_iou,n_samples
test,0.8074886150382183,0.7270792071466092,860
