group_type,group,n,mean_dice,mean_iou
tumor,glioma,231,0.6171959374858852,0.5213796253377502
tumor,meningioma,259,0.9128241634248533,0.8598377008207282
tumor,pituitary,296,0.8448406540648254,0.7569663633867291
view,axial,251,0.7907283567575294,0.7154870868204549
view,coronal,271,0.7923884516319764,0.7045587509367837
view,sagittal,264,0.817638127087346,0.7449849289100688
size_group,large_>5%,22,0.7045629065230956,0.6296357163737233
size_group,medium_1-5%,458,0.8296613316567624,0.7553778690777542
size_group,small_<1%,306,0.7633375151867959,0.6777243520595668
