eval_split,mean_dice,mean_iou,n_samples
val,0.8014368758057103,0.7229579076020405,786
