group_type,group,n,mean_dice,mean_iou
tumor,glioma,254,0.6408217620262815,0.5439569638320294
tumor,meningioma,306,0.9077388902322083,0.8484905411933121
tumor,pituitary,300,0.8156582409933099,0.7226727938820807
view,axial,346,0.7877672657576055,0.70623781842248
view,coronal,257,0.8063146803696662,0.721341477547045
view,sagittal,257,0.7993928150061809,0.7193072672348035
size_group,large_>5%,60,0.8496334979931514,0.786727942712605
size_group,medium_1-5%,454,0.8264682399261676,0.7500134938159423
size_group,small_<1%,346,0.7486696805134536,0.6557665023928295
