group_type,group,n,mean_dice,mean_iou
tumor,glioma,254,0.6359917971667419,0.5317352873195069
tumor,meningioma,306,0.8925643074874227,0.8313435997868895
tumor,pituitary,300,0.8245515668450782,0.7310129521349062
view,axial,346,0.7878049374005832,0.7023495859614133
view,coronal,257,0.7941298838494275,0.7070052532544028
view,sagittal,257,0.7990668332105938,0.7161186121610287
size_group,large_>5%,60,0.8516152980439632,0.7798863191170263
size_group,medium_1-5%,454,0.8231615610713108,0.7423348532920984
size_group,small_<1%,346,0.7434098208555328,0.650123085586071
