eval_split,mean_dice,mean_iou,n_samples
test,0.7937368579484798,0.7086824391175199,860
