group_type,group,n,mean_dice,mean_iou
tumor,glioma,231,0.6260906957726216,0.5241050596940907
tumor,meningioma,259,0.9165582565952319,0.863696597160029
tumor,pituitary,296,0.8448541893579457,0.7550554344398838
view,axial,251,0.7886645164791122,0.7080154782923181
view,coronal,271,0.7962950153778652,0.7090054322543321
view,sagittal,264,0.8270516531361135,0.7515520411200464
size_group,large_>5%,22,0.7124075547586428,0.6370425978300563
size_group,medium_1-5%,458,0.8312140600311752,0.7523552617915511
size_group,small_<1%,306,0.7703378220020399,0.6851910097882238
