eval_split,mean_dice,mean_iou,n_samples
val,0.8053368092185319,0.7244375200584682,786
