group_type,group,n,mean_dice,mean_iou
tumor,glioma,231,0.575653717862517,0.47363086759186784
tumor,meningioma,259,0.8945657478383822,0.8429978815476389
tumor,pituitary,296,0.834449685974043,0.7451387533330688
view,axial,251,0.7633616140206314,0.6834027833963321
view,coronal,271,0.7615176073114847,0.6750034739455808
view,sagittal,264,0.8094341206973799,0.7342659570053656
size_group,large_>5%,23,0.7029524912019852,0.6106749449102192
size_group,medium_1-5%,457,0.8097098069706882,0.7318063187021321
size_group,small_<1%,306,0.7367985473249966,0.6530236645141794
