group_type,group,n,mean_dice,mean_iou
tumor,glioma,231,0.6149642669801827,0.5061297892823088
tumor,meningioma,259,0.8924481952907865,0.8372197119036109
tumor,pituitary,296,0.8212966066740828,0.7309716082624559
view,axial,251,0.7706004273235841,0.6874465247496909
view,coronal,271,0.7847473811297686,0.6917381345959015
view,sagittal,264,0.7962779404692331,0.7201264036563401
size_group,large_>5%,22,0.7521918510886454,0.6614033102349499
size_group,medium_1-5%,458,0.8240921342215626,0.7411605878072651
size_group,small_<1%,306,0.7265431556563351,0.6409184990589515
