eval_split,mean_dice,mean_iou,n_samples
val,0.785124279633917,0.7010702572085641,786
