group_type,group,n,mean_dice,mean_iou
tumor,glioma,254,0.600338659944841,0.5061164845575348
tumor,meningioma,306,0.8995447225736956,0.8391821519285175
tumor,pituitary,300,0.815674717692134,0.7255581014654012
view,axial,346,0.7875792712746329,0.7092288931119045
view,coronal,257,0.7698614515732151,0.6852746707650158
view,sagittal,257,0.7863513584663092,0.7062333408717218
size_group,large_>5%,60,0.7529741831149122,0.6855209675021927
size_group,medium_1-5%,454,0.8043749930501802,0.7270908402639655
size_group,small_<1%,346,0.7574694283511679,0.6698851343277127
