group_type,group,n,mean_dice,mean_iou
tumor,glioma,231,0.6277341396278656,0.526503636394579
tumor,meningioma,259,0.8996374366694949,0.8431811037366969
tumor,pituitary,296,0.8267930161658494,0.7356295115991541
view,axial,251,0.7798016323753058,0.6996397483675157
view,coronal,271,0.7866742412105646,0.695227947472674
view,sagittal,264,0.8099412350085715,0.7338493587233362
size_group,large_>5%,22,0.711249237459583,0.6278634100587767
size_group,medium_1-5%,458,0.8247617273053889,0.7478705239310676
size_group,small_<1%,306,0.749526342505061,0.6582185827666007
