eval_split,mean_dice,mean_iou,n_samples
val,0.7934143308437231,0.7109650963484638,786
