group_type,group,n,mean_dice,mean_iou
tumor,glioma,254,0.6525671420747642,0.5534236643725956
tumor,meningioma,306,0.8949079270858403,0.8337447351161573
tumor,pituitary,300,0.8193949130299892,0.7259908535702234
view,axial,346,0.7939722698776718,0.7090564368252301
view,coronal,257,0.797563381522348,0.7137716803457781
view,sagittal,257,0.8004831099429424,0.7187545010772601
size_group,large_>5%,60,0.8192034338290493,0.747689035286506
size_group,medium_1-5%,454,0.830693433583558,0.7537443389521565
size_group,small_<1%,346,0.7489171352820108,0.6544262536583267
