eval_split,mean_dice,mean_iou,n_samples
test,0.797530906619849,0.7140189362344919,860
