group_type,group,n,mean_dice,mean_iou
tumor,glioma,254,0.6192790404239901,0.520954609714454
tumor,meningioma,306,0.860018739581333,0.7985777725199162
tumor,pituitary,300,0.8348896793942244,0.7454137833399664
view,axial,346,0.766638278539747,0.6863860565416182
view,coronal,257,0.7687775911381195,0.6815546074905903
view,sagittal,257,0.809715288329181,0.7302034808251906
size_group,large_>5%,60,0.8053376740931223,0.728530554434595
size_group,medium_1-5%,454,0.8038692399054768,0.7264474490698978
size_group,small_<1%,346,0.7446607486565751,0.6554694483142957
