group_type,group,n,mean_dice,mean_iou
tumor,glioma,231,0.6128471590916146,0.5118111546295407
tumor,meningioma,259,0.8981612727338366,0.8411660349267298
tumor,pituitary,296,0.8380609238846839,0.7477461966962183
view,axial,251,0.7708331365982839,0.6868307665259853
view,coronal,271,0.7885776385795833,0.7018054593622821
view,sagittal,264,0.8146736345335482,0.7380282276603288
size_group,large_>5%,22,0.7071047156084092,0.6268912331167371
size_group,medium_1-5%,458,0.8246169830032976,0.7464416120853126
size_group,small_<1%,306,0.7484529898666594,0.6593509428885169
