group_type,group,n,mean_dice,mean_iou
tumor,glioma,254,0.6373222700543885,0.5284598677123999
tumor,meningioma,306,0.8690725823044532,0.804280962301552
tumor,pituitary,300,0.8331397541176169,0.7440096802573292
view,axial,346,0.7813085167609024,0.6951086287084728
view,coronal,257,0.7891908149815089,0.701631436337195
view,sagittal,257,0.7961214271001649,0.7109526080491536
size_group,large_>5%,60,0.7657228058824936,0.6860210529838999
size_group,medium_1-5%,454,0.7963438277328934,0.7136485093823208
size_group,small_<1%,346,0.7811402510710382,0.6889710939358832
