group_type,group,n,mean_dice,mean_iou
tumor,glioma,254,0.6587472926382847,0.5580295090480487
tumor,meningioma,306,0.8924280394689796,0.8305108035950479
tumor,pituitary,300,0.8283577793932347,0.7363222083731382
view,axial,346,0.7961548645142856,0.714358787439598
view,coronal,257,0.7978751438400502,0.7087975616775823
view,sagittal,257,0.8108507048123221,0.7293515560505482
size_group,large_>5%,60,0.8265524604978661,0.7488158841927847
size_group,medium_1-5%,454,0.8346960627088496,0.756872817311495
size_group,small_<1%,346,0.752505682444835,0.6596047734082217
