eval_split,mean_dice,mean_iou,n_samples
test,0.8017446158660783,0.7180432379245758,860
