group_type,group,n,mean_dice,mean_iou
tumor,glioma,231,0.6439491880067666,0.539773053668011
tumor,meningioma,259,0.9113640142485041,0.8587756726562576
tumor,pituitary,296,0.8331233603263214,0.7435559002821097
view,axial,251,0.7864030960642204,0.706366421968643
view,coronal,271,0.7981851829285673,0.7078067462596848
view,sagittal,264,0.8246389965558928,0.7503387157131886
size_group,large_>5%,22,0.7598601161417636,0.6777684055268764
size_group,medium_1-5%,458,0.8377460761948069,0.7604064596760627
size_group,small_<1%,306,0.7548870304711646,0.6667514955737179
