eval_split,mean_dice,mean_iou,n_samples
val,0.8042685774841694,0.7227748840144186,786
