group_type,group,n,mean_dice,mean_iou
tumor,glioma,231,0.5662551918348363,0.46609714725227286
tumor,meningioma,259,0.8939369059849909,0.8395052327449736
tumor,pituitary,296,0.8032806634109882,0.716727793303526
view,axial,251,0.7474882654246937,0.6640749148006428
view,coronal,271,0.766319752424802,0.6804418425155143
view,sagittal,264,0.7758086242609578,0.7051862885507618
size_group,large_>5%,22,0.724297738889031,0.6354796977892877
size_group,medium_1-5%,458,0.7986626696114154,0.719104359006139
size_group,small_<1%,306,0.7136719980262266,0.6337299782284016
