group_type,group,n,mean_dice,mean_iou
tumor,glioma,231,0.5959132392438925,0.4951839285210966
tumor,meningioma,259,0.8968019133136427,0.8392959473184755
tumor,pituitary,296,0.8291719827331326,0.7378762436510669
view,axial,251,0.7719207400225176,0.6880405938956945
view,coronal,271,0.7768842446844838,0.6861389134916273
view,sagittal,264,0.7995258509372456,0.7255101187141059
size_group,large_>5%,22,0.6177582903430181,0.5358633382164935
size_group,medium_1-5%,458,0.8073460880328905,0.7264982737695863
size_group,small_<1%,306,0.7581940195946719,0.6720630821481727
