eval_split,mean_dice,mean_iou,n_samples
val,0.7841013778339733,0.7014120483037197,786
